{
  "config": {
    "seeds": [
      42,
      123,
      777
    ],
    "max_epochs": 6,
    "patience": 4,
    "model": "LSTM v2",
    "source": "C:\\Users\\Softex\\OneDrive\\Desktop\\TCC Ambiente\\TCC_Previsao_Vazao_LSTM_TFT\\.dist\\lstm_v2_results.json"
  },
  "runs": [
    {
      "validation": {
        "MAE": 5.983543546128858,
        "RMSE": 11.28745807329117,
        "R2": 0.9033141564834941,
        "NSE": 0.9033141564834941,
        "KGE": 0.8400041715429831,
        "sMAPE": 13.5828758177214
      },
      "test": {
        "MAE": 7.687323056226397,
        "RMSE": 15.515753557252916,
        "R2": 0.9261033869621987,
        "NSE": 0.9261033869621987,
        "KGE": 0.9105810668782237,
        "sMAPE": 14.919260448843556
      },
      "seed": 42
    },
    {
      "validation": {
        "MAE": 5.1661234345947955,
        "RMSE": 9.141786241701105,
        "R2": 0.9365790541854578,
        "NSE": 0.9365790541854578,
        "KGE": 0.9579555323821014,
        "sMAPE": 13.567906959790593
      },
      "test": {
        "MAE": 7.345102870176067,
        "RMSE": 15.634753250411421,
        "R2": 0.9249655245636706,
        "NSE": 0.9249655245636706,
        "KGE": 0.8767961790587046,
        "sMAPE": 15.662756987140531
      },
      "seed": 123
    },
    {
      "validation": {
        "MAE": 5.152388416757241,
        "RMSE": 9.418182878451463,
        "R2": 0.9326860883387019,
        "NSE": 0.9326860883387019,
        "KGE": 0.9457021563286199,
        "sMAPE": 13.369103061328957
      },
      "test": {
        "MAE": 6.589823871212041,
        "RMSE": 13.711162472040526,
        "R2": 0.9422931535354953,
        "NSE": 0.9422931535354953,
        "KGE": 0.9051381237275404,
        "sMAPE": 14.761769026416166
      },
      "seed": 777
    }
  ],
  "aggregate": {
    "validation": {
      "MAE": {
        "mean": 5.434018465826965,
        "std": 0.47595222773861545,
        "min": 5.152388416757241,
        "max": 5.983543546128858
      },
      "RMSE": {
        "mean": 9.94914239781458,
        "std": 1.1672255183217592,
        "min": 9.141786241701105,
        "max": 11.28745807329117
      },
      "R2": {
        "mean": 0.9241930996692179,
        "std": 0.018186162244561526,
        "min": 0.9033141564834941,
        "max": 0.9365790541854578
      },
      "NSE": {
        "mean": 0.9241930996692179,
        "std": 0.018186162244561526,
        "min": 0.9033141564834941,
        "max": 0.9365790541854578
      },
      "KGE": {
        "mean": 0.9145539534179015,
        "std": 0.06485205308527585,
        "min": 0.8400041715429831,
        "max": 0.9579555323821014
      },
      "sMAPE": {
        "mean": 13.506628612946983,
        "std": 0.11933555500277329,
        "min": 13.369103061328957,
        "max": 13.5828758177214
      }
    },
    "test": {
      "MAE": {
        "mean": 7.207416599204835,
        "std": 0.5615552040425469,
        "min": 6.589823871212041,
        "max": 7.687323056226397
      },
      "RMSE": {
        "mean": 14.953889759901621,
        "std": 1.0778768787477073,
        "min": 13.711162472040526,
        "max": 15.634753250411421
      },
      "R2": {
        "mean": 0.9311206883537883,
        "std": 0.009692350921568931,
        "min": 0.9249655245636706,
        "max": 0.9422931535354953
      },
      "NSE": {
        "mean": 0.9311206883537883,
        "std": 0.009692350921568931,
        "min": 0.9249655245636706,
        "max": 0.9422931535354953
      },
      "KGE": {
        "mean": 0.8975051232214896,
        "std": 0.018139781801014124,
        "min": 0.8767961790587046,
        "max": 0.9105810668782237
      },
      "sMAPE": {
        "mean": 15.114595487466751,
        "std": 0.48120854037309674,
        "min": 14.761769026416166,
        "max": 15.662756987140531
      }
    }
  }
}