{
  "config": {
    "lookback_days": 90,
    "forecast_horizon_days": 1,
    "hidden_size": 128,
    "num_layers": 2,
    "dropout": 0.2,
    "learning_rate": 0.001,
    "max_epochs": 50,
    "batch_size": 32
  },
  "metrics": {
    "validation": {
      "MAE": 6.550430543349961,
      "RMSE": 11.879259860813857,
      "MAPE": 20.243026291609166,
      "R2": 0.8929098922392937,
      "NSE": 0.8929098922392937,
      "KGE": 0.9428646254802925
    },
    "test": {
      "MAE": 9.255812478771318,
      "RMSE": 19.44263152561778,
      "MAPE": 22.493092877197945,
      "R2": 0.8839650341519573,
      "NSE": 0.8839650341519573,
      "KGE": 0.84217094651474
    }
  },
  "data_info": {
    "total_days": 14250,
    "n_train": 9912,
    "n_val": 2124,
    "n_test": 2124
  }
}