{
  "lstm_metrics": {
    "MAE": 0.10191082954406738,
    "RMSE": 0.17440123856067657,
    "R\u00b2": -0.058110833168029785,
    "NSE": -0.058110833168029785,
    "KGE": -0.30062910781875596
  },
  "data_info": {
    "total_months": 468,
    "lookback": 12,
    "forecast_horizon": 1
  }
}