number,state,objective,hidden_size,attention_head_size,dropout,learning_rate,batch_size,MAE,RMSE,R2,NSE,KGE,sMAPE,Q90_reference,LogNSE,RMSE_dry,n_dry_samples,val_loss,use_static_features
0,TrialState.COMPLETE,6.3705267906188965,32,8,0.18033450352296262,0.0011114989443094978,64,6.3705267906188965,11.800783157348633,0.8805868625640869,0.8805868625640869,0.8477217615868595,18.765792846679688,8.88,0.8837745785713196,3.3057940006256104,111.0,6.3705267906188965,False
